{
  "England": "United Kingdom",
  "Northern Ireland": "United Kingdom",
  "Scotland": "United Kingdom",
  "Wales": "United Kingdom",
  "ROI": "Ireland",
  "Irish Republic": "Ireland",
  "Rep of Ireland": "Ireland",
  "South Ireland": "Ireland",
  "Southern Ireland": "Ireland",
  "N Ireland": "United Kingdom",
  "North Ireland": "United Kingdom",
  "GBR": "United Kingdom",
  "Channel Islands": "United Kingdom",
  "United States America": "United States",
  "United States Amercia": "United States",
  "United States of Amercia": "United States",
  "America": "United States",
  "Amercia": "United States",
  "Macedonia": "North Macedonia",
  "Autonomous Region of the Azores": "Azores",
  "Islas Canarias": "Canary Islands",
  "Canaries": "Canary Islands",
  "El Hierro": "Canary Islands",
  "La Palma": "Canary Islands",
  "La Gomera": "Canary Islands",
  "Tenerife": "Canary Islands",
  "Gran Canaria": "Canary Islands",
  "Fuerteventura": "Canary Islands",
  "Lanzarote ": "Canary Islands",
  "La Graciosa": "Canary Islands",
  "Autonomous Region of Madeira": "Madeira",
  "Região Autónoma da Madeira": "Madeira",
  "Islas Baleares": "Balearic Islands",
  "Illes Balears": "Balearic Islands",
  "Corse": "Corsica",
  "Burma": "Myanmar (Burma)",
  "Czechoslovakia": "Czechia",
  "East Germany": "Germany",
  "Easter Island": "Easter Island",
  "Falkland": "Falkland Islands",
  "The Falklands": "Falkland Islands",
  "The Falkland Islands": "Falkland Islands",
  "Hawaii": "United States",
  "Khazakhstan": "Kazakhstan",
  "Korea": "South Korea",
  "Macau": "Macao",
  "Myanmar": "Myanmar (Burma)",
  "New Zeeland": "New Zealand",
  "NI": "United Kingdom",
  "Pitcairn Island": "Pitcairn, Henderson, Ducie and Oeno Islands",
  "Henderson Island": "Pitcairn, Henderson, Ducie and Oeno Islands",
  "Ducie Island": "Pitcairn, Henderson, Ducie and Oeno Islands",
  "Oeno Island": "Pitcairn, Henderson, Ducie and Oeno Islands",
  "Republic of China": "Taiwan",
  "Republik Österreich": "Austria",
  "République Islamique de Mauritanie": "Mauritania",
  "Saint Helena": "Saint Helena",
  "St Helena": "Saint Helena",
  "Swaziland": "Eswatini",
  "the south sandwich islands": "South Georgia and the South Sandwich Islands",
  "the sandwich islands": "South Georgia and the South Sandwich Islands",
  "South Georgia": "South Georgia and the South Sandwich Islands",
  "Tristan": "Tristan da Cunha",
  "Vatican": "Vatican City",
  "West Germany": "Germany",
  "Saint Kitts and Nevis": "St Kitts and Nevis",
  "Saint Kitts": "St Kitts and Nevis",
  "St Kitts": "St Kitts and Nevis",
  "Virgin Islands, British": "British Virgin Islands",
  "Congo, Democratic Republic of": "Congo",
  "Curacao (former Netherlands Antilles)": "Curaçao",
  "Djibouti, Republic of": "Djibouti",
  "Dominica, Commonwealth of": "Dominica",
  "Korea, Republic of": "South Korea",
  "Micronesia, Federated States of": "Micronesia",
  "Palestinian Territory": "Occupied Palestinian Territories",
  "Palestine, state of": "Occupied Palestinian Territories",
  "State of Palestine": "Occupied Palestinian Territories",
  "Rwanda, Republic of": "Rwanda",
  "San Marino, Republic of": "San Marino",
  "the united states of amercia": "United States"
}